{
    "acc_x": -0.07936099916696548,
    "acc_y": -0.06697800010442734,
    "acc_z": 0.9691070318222046,
    "gyro_x": 0.3298575282096863,
    "gyro_y": 0.22647161781787872,
    "gyro_z": 0.48791423439979553,
    "mag_x": 21.525001525878906,
    "mag_y": 31.275001525878906,
    "mag_z": -25.500001907348633,
    "sound": -113
}